"Monat","Strompreis Bestandskunden","Strompreis Neukunden","Strompreis dynamischer Tarif"
"Jan 2022",31.9,47.2,43.9
"Feb 2022",32.5,40.3,39
"Mrz 2022",32.9,41.5,53.6
"Apr 2022",33.3,44.8,43
"Mai 2022",33.8,47.3,44.7
"Jun 2022",34.5,50.7,49.4
"Jul 2022",30.9,47.9,56.3
"Aug 2022",31.8,58.9,74.8
"Sep 2022",33.1,78.4,60.7
"Okt 2022",35.1,72.2,37.6
"Nov 2022",36.9,63.8,40.9
"Dez 2022",38.3,57.8,49.5
"Jan 2023",45.6,59.8,34.9
"Feb 2023",47,43.9,36.1
"Mrz 2023",47.6,41.8,33
"Apr 2023",48.1,39.2,32.5
"Mai 2023",48.5,40.2,30.1
"Jun 2023",48.9,39,31.7
"Jul 2023",49.2,39,29.5
"Aug 2023",49.4,39.3,31.9
"Sep 2023",49.4,39.2,32.8
"Okt 2023",49.5,38.3,31.1
"Nov 2023",49.2,38.1,31.9
"Dez 2023",49.1,36.9,28.7
"Jan 2024",50.3,36.1,33.7
"Feb 2024",49.9,34.5,31.8
"Mrz 2024",49.3,33,32.1
"Apr 2024",48.5,33.4,31.7
"Mai 2024",47.6,34.3,32.2
"Jun 2024",46.2,35.1,33
"Jul 2024",43.9,35,32.4
"Aug 2024",42,35,34.1
"Sep 2024",40.4,35.8,33.7
"Okt 2024",39.2,34.9,34.9
"Nov 2024",37.9,35.2,38.4
"Dez 2024",37.4,36,37.7
"Jan 2025",38.7,37.6,39.5
"Feb 2025",38.5,37.2,41.1
"Mrz 2025",38.2,37.1,36.9
"Apr 2025",38,35.9,34.6
"Mai 2025",37.7,35.6,33.2
"Jun 2025",37.4,36.2,32.9
"Jul 2025",37.1,36.2,35.7
"Aug 2025",36.9,36.4,34.4
"Sep 2025",36.7,36.3,35.8
"Okt 2025",36.5,36.5,35.8
"Nov 2025",36.4,36.8,38