"MTU (CET/CEST)","Area","Day-ahead (MW)","Intraday (MW)","Current (MW)","Actual (MW)"
"01/01/2025 00:00:00 - 01/01/2025 00:15:00","BZN|DE-LU","38289.70","35381.95","35381.95","32973.68"
"01/01/2025 00:15:00 - 01/01/2025 00:30:00","BZN|DE-LU","38511.97","35505.27","35505.27","32832.53"
"01/01/2025 00:30:00 - 01/01/2025 00:45:00","BZN|DE-LU","38706.47","35567.34","35567.34","32832.18"
"01/01/2025 00:45:00 - 01/01/2025 01:00:00","BZN|DE-LU","38869.75","35671.53","35671.53","32895.95"
"01/01/2025 01:00:00 - 01/01/2025 01:15:00","BZN|DE-LU","38917.29","35707.66","35707.66","33260.24"
"01/01/2025 01:15:00 - 01/01/2025 01:30:00","BZN|DE-LU","38983.06","36049.78","36049.78","33493.71"
"01/01/2025 01:30:00 - 01/01/2025 01:45:00","BZN|DE-LU","39093.74","36158.65","36158.65","33644.01"
"01/01/2025 01:45:00 - 01/01/2025 02:00:00","BZN|DE-LU","39230.54","36467.21","36467.21","33717.47"
"01/01/2025 02:00:00 - 01/01/2025 02:15:00","BZN|DE-LU","39366.94","36753.38","36753.38","33789.14"
"01/01/2025 02:15:00 - 01/01/2025 02:30:00","BZN|DE-LU","39495.85","36752.49","36752.49","33935.60"
"01/01/2025 02:30:00 - 01/01/2025 02:45:00","BZN|DE-LU","39628.53","36891.99","36891.99","33726.85"
"01/01/2025 02:45:00 - 01/01/2025 03:00:00","BZN|DE-LU","39571.24","36960.08","36960.08","33713.79"
"01/01/2025 03:00:00 - 01/01/2025 03:15:00","BZN|DE-LU","39540.40","36096.04","36096.04","32742.62"
"01/01/2025 03:15:00 - 01/01/2025 03:30:00","BZN|DE-LU","39409.57","35966.80","35966.80","32633.85"
"01/01/2025 03:30:00 - 01/01/2025 03:45:00","BZN|DE-LU","39461.28","35916.87","35916.87","32962.03"
"01/01/2025 03:45:00 - 01/01/2025 04:00:00","BZN|DE-LU","39496.75","35960.58","35960.58","33267.67"
"01/01/2025 04:00:00 - 01/01/2025 04:15:00","BZN|DE-LU","39592.51","36015.95","36015.95","33096.77"
"01/01/2025 04:15:00 - 01/01/2025 04:30:00","BZN|DE-LU","39746.36","36307.64","36307.64","32987.57"
"01/01/2025 04:30:00 - 01/01/2025 04:45:00","BZN|DE-LU","39887.60","36388.21","36388.21","33142.75"
"01/01/2025 04:45:00 - 01/01/2025 05:00:00","BZN|DE-LU","40029.32","36381.59","36381.59","33366.49"
"01/01/2025 05:00:00 - 01/01/2025 05:15:00","BZN|DE-LU","40155.78","36347.05","36347.05","33485.50"
"01/01/2025 05:15:00 - 01/01/2025 05:30:00","BZN|DE-LU","40266.59","36578.38","36578.38","33520.07"
"01/01/2025 05:30:00 - 01/01/2025 05:45:00","BZN|DE-LU","40390.99","36730.80","36730.80","33686.33"
"01/01/2025 05:45:00 - 01/01/2025 06:00:00","BZN|DE-LU","40505.15","36827.72","36827.72","33752.88"
"01/01/2025 06:00:00 - 01/01/2025 06:15:00","BZN|DE-LU","41544.07","37033.32","37033.32","35503.19"
"01/01/2025 06:15:00 - 01/01/2025 06:30:00","BZN|DE-LU","41596.91","37262.90","37262.90","35428.66"
"01/01/2025 06:30:00 - 01/01/2025 06:45:00","BZN|DE-LU","41674.10","37019.91","37017.67","35377.69"
"01/01/2025 06:45:00 - 01/01/2025 07:00:00","BZN|DE-LU","41691.57","37835.66","37833.41","35629.67"
"01/01/2025 07:00:00 - 01/01/2025 07:15:00","BZN|DE-LU","41689.04","37980.72","37978.36","36016.31"
"01/01/2025 07:15:00 - 01/01/2025 07:30:00","BZN|DE-LU","41642.18","37889.25","37898.90","36089.31"
"01/01/2025 07:30:00 - 01/01/2025 07:45:00","BZN|DE-LU","41645.09","38063.44","37755.82","36244.56"
"01/01/2025 07:45:00 - 01/01/2025 08:00:00","BZN|DE-LU","41668.65","38293.88","38295.83","36197.58"
"01/01/2025 08:00:00 - 01/01/2025 08:15:00","BZN|DE-LU","41693.10","38519.63","38291.03","35908.17"
"01/01/2025 08:15:00 - 01/01/2025 08:30:00","BZN|DE-LU","41752.47","38787.70","38223.51","35864.11"
"01/01/2025 08:30:00 - 01/01/2025 08:45:00","BZN|DE-LU","41807.66","38971.49","37981.17","35564.30"
"01/01/2025 08:45:00 - 01/01/2025 09:00:00","BZN|DE-LU","41868.13","39129.35","37847.86","35500.49"
"01/01/2025 09:00:00 - 01/01/2025 09:15:00","BZN|DE-LU","41937.71","39041.36","37416.12","34742.44"
"01/01/2025 09:15:00 - 01/01/2025 09:30:00","BZN|DE-LU","42058.06","39297.67","37503.99","34575.50"
"01/01/2025 09:30:00 - 01/01/2025 09:45:00","BZN|DE-LU","42169.29","39546.09","37241.29","34531.06"
"01/01/2025 09:45:00 - 01/01/2025 10:00:00","BZN|DE-LU","42271.37","39785.98","36903.77","34683.51"
"01/01/2025 10:00:00 - 01/01/2025 10:15:00","BZN|DE-LU","42304.49","40014.97","36806.74","35790.21"
"01/01/2025 10:15:00 - 01/01/2025 10:30:00","BZN|DE-LU","42215.31","40125.81","36625.25","36309.63"
"01/01/2025 10:30:00 - 01/01/2025 10:45:00","BZN|DE-LU","42269.91","40332.24","36614.71","36375.83"
"01/01/2025 10:45:00 - 01/01/2025 11:00:00","BZN|DE-LU","42322.96","40527.18","37263.91","36266.08"
"01/01/2025 11:00:00 - 01/01/2025 11:15:00","BZN|DE-LU","42387.39","40714.73","37769.42","36385.72"
"01/01/2025 11:15:00 - 01/01/2025 11:30:00","BZN|DE-LU","42445.32","40939.87","37912.14","36043.45"
"01/01/2025 11:30:00 - 01/01/2025 11:45:00","BZN|DE-LU","42504.17","41164.69","37934.63","35849.46"
"01/01/2025 11:45:00 - 01/01/2025 12:00:00","BZN|DE-LU","42565.69","41381.76","38220.16","35599.07"
"01/01/2025 12:00:00 - 01/01/2025 12:15:00","BZN|DE-LU","42646.90","41603.72","38215.41","36265.79"
"01/01/2025 12:15:00 - 01/01/2025 12:30:00","BZN|DE-LU","42779.74","41838.69","38333.97","36686.67"
"01/01/2025 12:30:00 - 01/01/2025 12:45:00","BZN|DE-LU","42931.50","42094.41","38668.39","36944.46"
"01/01/2025 12:45:00 - 01/01/2025 13:00:00","BZN|DE-LU","43126.84","42374.40","39007.40","36891.43"
"01/01/2025 13:00:00 - 01/01/2025 13:15:00","BZN|DE-LU","43423.81","42689.60","38635.92","37534.27"
"01/01/2025 13:15:00 - 01/01/2025 13:30:00","BZN|DE-LU","43687.54","42972.30","39231.85","37432.76"
"01/01/2025 13:30:00 - 01/01/2025 13:45:00","BZN|DE-LU","43885.10","43202.85","39971.68","37676.92"
"01/01/2025 13:45:00 - 01/01/2025 14:00:00","BZN|DE-LU","44052.54","43410.93","40169.51","38061.79"
"01/01/2025 14:00:00 - 01/01/2025 14:15:00","BZN|DE-LU","44178.53","43730.83","40409.63","37969.29"
"01/01/2025 14:15:00 - 01/01/2025 14:30:00","BZN|DE-LU","44262.47","43922.89","40719.89","38319.90"
"01/01/2025 14:30:00 - 01/01/2025 14:45:00","BZN|DE-LU","44352.82","44118.39","40533.84","38957.71"
"01/01/2025 14:45:00 - 01/01/2025 15:00:00","BZN|DE-LU","44459.95","44320.02","40644.28","39368.74"
"01/01/2025 15:00:00 - 01/01/2025 15:15:00","BZN|DE-LU","44736.48","44576.82","40971.55","40053.00"
"01/01/2025 15:15:00 - 01/01/2025 15:30:00","BZN|DE-LU","44931.07","44746.15","41689.71","41154.58"
"01/01/2025 15:30:00 - 01/01/2025 15:45:00","BZN|DE-LU","45082.67","44952.52","42321.26","41902.74"
"01/01/2025 15:45:00 - 01/01/2025 16:00:00","BZN|DE-LU","45227.07","45127.00","42868.53","42265.35"
"01/01/2025 16:00:00 - 01/01/2025 16:15:00","BZN|DE-LU","45313.49","45285.05","43149.53","41452.02"
"01/01/2025 16:15:00 - 01/01/2025 16:30:00","BZN|DE-LU","45342.07","45318.57","43632.70","41778.15"
"01/01/2025 16:30:00 - 01/01/2025 16:45:00","BZN|DE-LU","45373.45","45362.05","43522.33","42336.04"
"01/01/2025 16:45:00 - 01/01/2025 17:00:00","BZN|DE-LU","45430.88","45400.27","43427.92","42377.14"
"01/01/2025 17:00:00 - 01/01/2025 17:15:00","BZN|DE-LU","45614.07","45504.14","43442.89","43032.75"
"01/01/2025 17:15:00 - 01/01/2025 17:30:00","BZN|DE-LU","45806.86","45626.49","43741.98","43979.34"
"01/01/2025 17:30:00 - 01/01/2025 17:45:00","BZN|DE-LU","45932.29","45722.20","43994.57","44226.93"
"01/01/2025 17:45:00 - 01/01/2025 18:00:00","BZN|DE-LU","46137.12","45877.20","44396.22","44348.71"
"01/01/2025 18:00:00 - 01/01/2025 18:15:00","BZN|DE-LU","46229.80","45960.66","44828.79","44483.96"
"01/01/2025 18:15:00 - 01/01/2025 18:30:00","BZN|DE-LU","46152.78","45958.62","45004.22","44502.25"
"01/01/2025 18:30:00 - 01/01/2025 18:45:00","BZN|DE-LU","46096.60","45969.54","45326.31","44213.69"
"01/01/2025 18:45:00 - 01/01/2025 19:00:00","BZN|DE-LU","46045.09","45968.35","45294.21","44173.68"
"01/01/2025 19:00:00 - 01/01/2025 19:15:00","BZN|DE-LU","45944.16","45922.41","45180.56","43807.68"
"01/01/2025 19:15:00 - 01/01/2025 19:30:00","BZN|DE-LU","45772.71","45875.43","44847.46","43552.25"
"01/01/2025 19:30:00 - 01/01/2025 19:45:00","BZN|DE-LU","45611.58","45831.77","44934.85","43419.70"
"01/01/2025 19:45:00 - 01/01/2025 20:00:00","BZN|DE-LU","45452.87","45808.05","44651.32","43148.35"
"01/01/2025 20:00:00 - 01/01/2025 20:15:00","BZN|DE-LU","45234.88","45694.55","44221.22","43192.73"
"01/01/2025 20:15:00 - 01/01/2025 20:30:00","BZN|DE-LU","44961.56","45491.45","44104.38","42830.49"
"01/01/2025 20:30:00 - 01/01/2025 20:45:00","BZN|DE-LU","44673.57","45287.95","44124.90","42612.02"
"01/01/2025 20:45:00 - 01/01/2025 21:00:00","BZN|DE-LU","44364.22","45065.20","44136.56","42650.95"
"01/01/2025 21:00:00 - 01/01/2025 21:15:00","BZN|DE-LU","43962.00","44800.11","44026.36","42248.71"
"01/01/2025 21:15:00 - 01/01/2025 21:30:00","BZN|DE-LU","43480.98","44508.75","44028.71","41639.60"
"01/01/2025 21:30:00 - 01/01/2025 21:45:00","BZN|DE-LU","42991.95","44219.07","44019.96","41243.68"
"01/01/2025 21:45:00 - 01/01/2025 22:00:00","BZN|DE-LU","42498.84","43926.35","43660.68","41142.10"
"01/01/2025 22:00:00 - 01/01/2025 22:15:00","BZN|DE-LU","41302.03","42797.18","42142.79","39706.19"
"01/01/2025 22:15:00 - 01/01/2025 22:30:00","BZN|DE-LU","40819.00","42407.51","41798.16","39809.59"
"01/01/2025 22:30:00 - 01/01/2025 22:45:00","BZN|DE-LU","40335.69","42015.23","41981.99","39878.10"
"01/01/2025 22:45:00 - 01/01/2025 23:00:00","BZN|DE-LU","39831.87","41601.94","41555.46","39838.07"
"01/01/2025 23:00:00 - 01/01/2025 23:15:00","BZN|DE-LU","39352.03","41174.72","40873.20","40133.03"
"01/01/2025 23:15:00 - 01/01/2025 23:30:00","BZN|DE-LU","38934.26","40733.57","40876.99","39985.38"
"01/01/2025 23:30:00 - 01/01/2025 23:45:00","BZN|DE-LU","38521.23","40284.77","40944.06","39670.08"
"01/01/2025 23:45:00 - 02/01/2025 00:00:00","BZN|DE-LU","38104.78","39822.98","40748.29","39261.29"
"02/01/2025 00:00:00 - 02/01/2025 00:15:00","BZN|DE-LU","40695.83","39432.44","39432.44","38858.59"
"02/01/2025 00:15:00 - 02/01/2025 00:30:00","BZN|DE-LU","40230.67","39068.92","39068.92","38012.26"
"02/01/2025 00:30:00 - 02/01/2025 00:45:00","BZN|DE-LU","39753.35","38593.02","38593.02","37774.55"
"02/01/2025 00:45:00 - 02/01/2025 01:00:00","BZN|DE-LU","39232.54","37981.94","37981.94","36912.92"
"02/01/2025 01:00:00 - 02/01/2025 01:15:00","BZN|DE-LU","38758.08","37405.29","37405.29","36677.76"
"02/01/2025 01:15:00 - 02/01/2025 01:30:00","BZN|DE-LU","38351.84","36858.85","36858.85","36731.92"
"02/01/2025 01:30:00 - 02/01/2025 01:45:00","BZN|DE-LU","37966.54","36138.37","36138.37","36541.16"
"02/01/2025 01:45:00 - 02/01/2025 02:00:00","BZN|DE-LU","37561.65","35991.67","35991.67","35591.01"
"02/01/2025 02:00:00 - 02/01/2025 02:15:00","BZN|DE-LU","37112.22","35908.36","35908.36","34502.51"
"02/01/2025 02:15:00 - 02/01/2025 02:30:00","BZN|DE-LU","36595.58","35560.19","35560.19","33951.96"
"02/01/2025 02:30:00 - 02/01/2025 02:45:00","BZN|DE-LU","36066.33","34817.99","34817.99","34174.84"
"02/01/2025 02:45:00 - 02/01/2025 03:00:00","BZN|DE-LU","35518.87","34382.51","34382.51","34282.67"
"02/01/2025 03:00:00 - 02/01/2025 03:15:00","BZN|DE-LU","34921.86","33533.45","33533.45","33670.37"
"02/01/2025 03:15:00 - 02/01/2025 03:30:00","BZN|DE-LU","34300.24","33375.67","33375.67","33049.33"
"02/01/2025 03:30:00 - 02/01/2025 03:45:00","BZN|DE-LU","33657.31","33287.43","33287.43","32165.08"
"02/01/2025 03:45:00 - 02/01/2025 04:00:00","BZN|DE-LU","32994.82","32935.39","32935.39","31681.93"
"02/01/2025 04:00:00 - 02/01/2025 04:15:00","BZN|DE-LU","32320.66","32287.08","32287.08","31157.97"
"02/01/2025 04:15:00 - 02/01/2025 04:30:00","BZN|DE-LU","31760.69","31729.83","31729.83","31115.77"
"02/01/2025 04:30:00 - 02/01/2025 04:45:00","BZN|DE-LU","31197.52","31499.55","31499.55","30905.47"
"02/01/2025 04:45:00 - 02/01/2025 05:00:00","BZN|DE-LU","30622.08","30852.87","30852.87","30629.65"
"02/01/2025 05:00:00 - 02/01/2025 05:15:00","BZN|DE-LU","29946.77","30130.65","30130.65","30215.30"
"02/01/2025 05:15:00 - 02/01/2025 05:30:00","BZN|DE-LU","29246.17","29551.12","29551.13","29960.40"
"02/01/2025 05:30:00 - 02/01/2025 05:45:00","BZN|DE-LU","28543.06","28696.40","28696.40","29677.19"
"02/01/2025 05:45:00 - 02/01/2025 06:00:00","BZN|DE-LU","27835.30","27913.92","27913.92","29691.73"
"02/01/2025 06:00:00 - 02/01/2025 06:15:00","BZN|DE-LU","27495.07","27893.03","27893.03","29612.41"
"02/01/2025 06:15:00 - 02/01/2025 06:30:00","BZN|DE-LU","26869.72","27528.05","27528.05","28563.78"
"02/01/2025 06:30:00 - 02/01/2025 06:45:00","BZN|DE-LU","26224.01","27023.79","27022.03","27944.33"
"02/01/2025 06:45:00 - 02/01/2025 07:00:00","BZN|DE-LU","25534.24","26188.48","26186.13","27050.85"
"02/01/2025 07:00:00 - 02/01/2025 07:15:00","BZN|DE-LU","24843.06","25032.86","25029.21","25882.88"
"02/01/2025 07:15:00 - 02/01/2025 07:30:00","BZN|DE-LU","24181.71","24219.85","24213.90","25335.09"
"02/01/2025 07:30:00 - 02/01/2025 07:45:00","BZN|DE-LU","23565.99","23657.73","23740.28","24925.75"
"02/01/2025 07:45:00 - 02/01/2025 08:00:00","BZN|DE-LU","22972.61","23019.95","22937.87","24377.15"
"02/01/2025 08:00:00 - 02/01/2025 08:15:00","BZN|DE-LU","22403.30","22331.08","22387.25","23353.77"
"02/01/2025 08:15:00 - 02/01/2025 08:30:00","BZN|DE-LU","21843.88","21587.15","21950.40","22217.12"
"02/01/2025 08:30:00 - 02/01/2025 08:45:00","BZN|DE-LU","21291.05","20772.69","21492.25","21697.96"
"02/01/2025 08:45:00 - 02/01/2025 09:00:00","BZN|DE-LU","20741.40","20065.17","20762.18","20971.44"
"02/01/2025 09:00:00 - 02/01/2025 09:15:00","BZN|DE-LU","20183.22","19066.09","19715.43","20141.17"
"02/01/2025 09:15:00 - 02/01/2025 09:30:00","BZN|DE-LU","19586.19","18308.41","19031.14","18869.29"
"02/01/2025 09:30:00 - 02/01/2025 09:45:00","BZN|DE-LU","18994.42","17544.51","18409.74","17798.62"
"02/01/2025 09:45:00 - 02/01/2025 10:00:00","BZN|DE-LU","18454.13","16817.95","17805.89","17095.77"
"02/01/2025 10:00:00 - 02/01/2025 10:15:00","BZN|DE-LU","17895.77","16156.10","16986.01","16224.20"
"02/01/2025 10:15:00 - 02/01/2025 10:30:00","BZN|DE-LU","17338.00","15621.65","16064.74","15529.66"
"02/01/2025 10:30:00 - 02/01/2025 10:45:00","BZN|DE-LU","16773.72","15078.21","15517.72","14878.93"
"02/01/2025 10:45:00 - 02/01/2025 11:00:00","BZN|DE-LU","16210.47","14538.38","14892.78","14201.29"
"02/01/2025 11:00:00 - 02/01/2025 11:15:00","BZN|DE-LU","15727.39","14063.66","14322.36","13646.07"
"02/01/2025 11:15:00 - 02/01/2025 11:30:00","BZN|DE-LU","15405.68","13795.00","14056.86","13228.92"
"02/01/2025 11:30:00 - 02/01/2025 11:45:00","BZN|DE-LU","15087.06","13527.78","13705.09","12711.97"
"02/01/2025 11:45:00 - 02/01/2025 12:00:00","BZN|DE-LU","14769.54","13265.50","13322.13","12171.18"
"02/01/2025 12:00:00 - 02/01/2025 12:15:00","BZN|DE-LU","14542.83","13058.20","13090.87","11849.74"
"02/01/2025 12:15:00 - 02/01/2025 12:30:00","BZN|DE-LU","14489.43","12971.19","12866.34","11703.31"
"02/01/2025 12:30:00 - 02/01/2025 12:45:00","BZN|DE-LU","14439.72","12896.45","12564.01","11723.95"
"02/01/2025 12:45:00 - 02/01/2025 13:00:00","BZN|DE-LU","14401.25","12836.21","12385.71","11965.81"
"02/01/2025 13:00:00 - 02/01/2025 13:15:00","BZN|DE-LU","14401.13","12786.09","12172.74","11844.56"
"02/01/2025 13:15:00 - 02/01/2025 13:30:00","BZN|DE-LU","14425.13","12746.65","12169.71","11882.30"
"02/01/2025 13:30:00 - 02/01/2025 13:45:00","BZN|DE-LU","14424.56","12688.88","12457.50","12004.98"
"02/01/2025 13:45:00 - 02/01/2025 14:00:00","BZN|DE-LU","14403.04","12614.78","12281.06","11785.28"
"02/01/2025 14:00:00 - 02/01/2025 14:15:00","BZN|DE-LU","14317.36","12901.31","12128.58","11723.01"
"02/01/2025 14:15:00 - 02/01/2025 14:30:00","BZN|DE-LU","14122.90","12738.22","11870.75","11397.33"
"02/01/2025 14:30:00 - 02/01/2025 14:45:00","BZN|DE-LU","13928.91","12574.56","11771.01","11105.77"
"02/01/2025 14:45:00 - 02/01/2025 15:00:00","BZN|DE-LU","13729.57","12410.73","11537.74","11142.62"
"02/01/2025 15:00:00 - 02/01/2025 15:15:00","BZN|DE-LU","13581.91","12298.24","11298.50","11249.74"
"02/01/2025 15:15:00 - 02/01/2025 15:30:00","BZN|DE-LU","13593.83","12283.88","11130.21","11582.71"
"02/01/2025 15:30:00 - 02/01/2025 15:45:00","BZN|DE-LU","13608.61","12284.51","11158.32","11704.14"
"02/01/2025 15:45:00 - 02/01/2025 16:00:00","BZN|DE-LU","13636.81","12287.49","11309.65","11845.46"
"02/01/2025 16:00:00 - 02/01/2025 16:15:00","BZN|DE-LU","13682.32","12358.29","11621.65","12543.51"
"02/01/2025 16:15:00 - 02/01/2025 16:30:00","BZN|DE-LU","13940.72","12686.28","12185.79","12446.81"
"02/01/2025 16:30:00 - 02/01/2025 16:45:00","BZN|DE-LU","14199.92","13023.91","12370.89","12996.55"
"02/01/2025 16:45:00 - 02/01/2025 17:00:00","BZN|DE-LU","14455.30","13347.47","12656.90","13390.18"
"02/01/2025 17:00:00 - 02/01/2025 17:15:00","BZN|DE-LU","14754.22","13650.24","12862.37","13973.74"
"02/01/2025 17:15:00 - 02/01/2025 17:30:00","BZN|DE-LU","15141.45","13934.36","13086.31","14684.67"
"02/01/2025 17:30:00 - 02/01/2025 17:45:00","BZN|DE-LU","15522.50","14220.20","13703.56","14965.83"
"02/01/2025 17:45:00 - 02/01/2025 18:00:00","BZN|DE-LU","15898.75","14498.86","14255.65","15140.31"
"02/01/2025 18:00:00 - 02/01/2025 18:15:00","BZN|DE-LU","16258.63","14783.07","14748.36","15465.44"
"02/01/2025 18:15:00 - 02/01/2025 18:30:00","BZN|DE-LU","16559.40","15051.58","15099.82","15839.93"
"02/01/2025 18:30:00 - 02/01/2025 18:45:00","BZN|DE-LU","16858.78","15312.87","15086.78","16110.95"
"02/01/2025 18:45:00 - 02/01/2025 19:00:00","BZN|DE-LU","17155.65","15569.16","15390.58","16507.77"
"02/01/2025 19:00:00 - 02/01/2025 19:15:00","BZN|DE-LU","17396.20","15844.33","15640.65","17097.93"
"02/01/2025 19:15:00 - 02/01/2025 19:30:00","BZN|DE-LU","17561.93","16170.01","16032.28","17754.82"
"02/01/2025 19:30:00 - 02/01/2025 19:45:00","BZN|DE-LU","17745.90","16513.05","16438.23","18238.57"
"02/01/2025 19:45:00 - 02/01/2025 20:00:00","BZN|DE-LU","17963.26","16896.09","17107.44","18744.94"
"02/01/2025 20:00:00 - 02/01/2025 20:15:00","BZN|DE-LU","18165.66","17203.91","17681.60","18930.33"
"02/01/2025 20:15:00 - 02/01/2025 20:30:00","BZN|DE-LU","18320.46","17414.92","18063.94","19041.40"
"02/01/2025 20:30:00 - 02/01/2025 20:45:00","BZN|DE-LU","18440.19","17588.97","18419.76","19016.45"
"02/01/2025 20:45:00 - 02/01/2025 21:00:00","BZN|DE-LU","18539.28","17745.29","18580.49","18859.02"
"02/01/2025 21:00:00 - 02/01/2025 21:15:00","BZN|DE-LU","18630.92","17896.06","18581.82","18869.64"
"02/01/2025 21:15:00 - 02/01/2025 21:30:00","BZN|DE-LU","18717.91","18038.29","18480.21","18887.06"
"02/01/2025 21:30:00 - 02/01/2025 21:45:00","BZN|DE-LU","18797.11","18174.04","18317.10","18797.44"
"02/01/2025 21:45:00 - 02/01/2025 22:00:00","BZN|DE-LU","18870.16","18304.60","18322.11","18843.84"
"02/01/2025 22:00:00 - 02/01/2025 22:15:00","BZN|DE-LU","18789.55","18261.11","18138.17","18257.00"
"02/01/2025 22:15:00 - 02/01/2025 22:30:00","BZN|DE-LU","18861.76","18316.26","18044.46","18434.19"
"02/01/2025 22:30:00 - 02/01/2025 22:45:00","BZN|DE-LU","18930.34","18367.46","17987.50","18530.84"
"02/01/2025 22:45:00 - 02/01/2025 23:00:00","BZN|DE-LU","18997.08","18407.25","17967.70","18459.60"
"02/01/2025 23:00:00 - 02/01/2025 23:15:00","BZN|DE-LU","19075.79","18440.24","17907.30","18493.94"
"02/01/2025 23:15:00 - 02/01/2025 23:30:00","BZN|DE-LU","19164.02","18464.51","18050.69","18802.48"
"02/01/2025 23:30:00 - 02/01/2025 23:45:00","BZN|DE-LU","19244.71","18481.37","17949.28","18951.25"
"02/01/2025 23:45:00 - 03/01/2025 00:00:00","BZN|DE-LU","19322.95","18491.05","17993.32","19099.05"
"03/01/2025 00:00:00 - 03/01/2025 00:15:00","BZN|DE-LU","18776.79","18486.24","18486.24","19007.32"
"03/01/2025 00:15:00 - 03/01/2025 00:30:00","BZN|DE-LU","18800.27","18617.92","18617.92","19034.77"
"03/01/2025 00:30:00 - 03/01/2025 00:45:00","BZN|DE-LU","18816.38","18886.06","18886.06","19116.75"
"03/01/2025 00:45:00 - 03/01/2025 01:00:00","BZN|DE-LU","18829.30","18952.85","18952.85","19263.69"
"03/01/2025 01:00:00 - 03/01/2025 01:15:00","BZN|DE-LU","18881.79","18862.32","18862.32","19308.68"
"03/01/2025 01:15:00 - 03/01/2025 01:30:00","BZN|DE-LU","19000.68","18861.35","18861.35","19108.76"
"03/01/2025 01:30:00 - 03/01/2025 01:45:00","BZN|DE-LU","19125.89","19022.31","19022.31","19267.14"
"03/01/2025 01:45:00 - 03/01/2025 02:00:00","BZN|DE-LU","19264.23","19183.98","19183.98","19538.91"
"03/01/2025 02:00:00 - 03/01/2025 02:15:00","BZN|DE-LU","19410.83","19304.81","19304.81","19825.66"
"03/01/2025 02:15:00 - 03/01/2025 02:30:00","BZN|DE-LU","19594.93","19433.76","19433.76","19976.71"
"03/01/2025 02:30:00 - 03/01/2025 02:45:00","BZN|DE-LU","19778.05","19640.33","19640.33","20351.05"
"03/01/2025 02:45:00 - 03/01/2025 03:00:00","BZN|DE-LU","19961.85","19720.03","19720.03","20592.06"
"03/01/2025 03:00:00 - 03/01/2025 03:15:00","BZN|DE-LU","20217.63","19859.16","19859.16","20548.69"
"03/01/2025 03:15:00 - 03/01/2025 03:30:00","BZN|DE-LU","20643.35","20290.35","20290.35","20621.99"
"03/01/2025 03:30:00 - 03/01/2025 03:45:00","BZN|DE-LU","21063.46","20925.75","20925.75","20798.88"
"03/01/2025 03:45:00 - 03/01/2025 04:00:00","BZN|DE-LU","21473.62","21028.92","21028.92","21474.11"
"03/01/2025 04:00:00 - 03/01/2025 04:15:00","BZN|DE-LU","21906.34","20998.67","20998.67","22287.51"
"03/01/2025 04:15:00 - 03/01/2025 04:30:00","BZN|DE-LU","22398.95","21297.67","21297.67","22865.97"
"03/01/2025 04:30:00 - 03/01/2025 04:45:00","BZN|DE-LU","22901.20","22279.93","22279.93","23605.55"
"03/01/2025 04:45:00 - 03/01/2025 05:00:00","BZN|DE-LU","23412.80","22963.32","22963.32","24002.47"
"03/01/2025 05:00:00 - 03/01/2025 05:15:00","BZN|DE-LU","23985.38","23838.20","23838.20","24352.35"
"03/01/2025 05:15:00 - 03/01/2025 05:30:00","BZN|DE-LU","24625.50","24440.91","24440.91","25073.51"
"03/01/2025 05:30:00 - 03/01/2025 05:45:00","BZN|DE-LU","25254.37","24832.91","24832.91","25951.67"
"03/01/2025 05:45:00 - 03/01/2025 06:00:00","BZN|DE-LU","25877.63","25397.78","25397.78","26412.50"
"03/01/2025 06:00:00 - 03/01/2025 06:15:00","BZN|DE-LU","27076.52","26391.62","26391.62","28142.28"
"03/01/2025 06:15:00 - 03/01/2025 06:30:00","BZN|DE-LU","27723.42","27080.47","27080.47","28704.06"
"03/01/2025 06:30:00 - 03/01/2025 06:45:00","BZN|DE-LU","28313.79","27311.87","27309.73","29544.23"
"03/01/2025 06:45:00 - 03/01/2025 07:00:00","BZN|DE-LU","28814.17","27973.98","27971.31","30113.00"
"03/01/2025 07:00:00 - 03/01/2025 07:15:00","BZN|DE-LU","29218.91","28620.21","28616.86","30507.85"
"03/01/2025 07:15:00 - 03/01/2025 07:30:00","BZN|DE-LU","29596.75","29076.19","29039.09","31199.81"
"03/01/2025 07:30:00 - 03/01/2025 07:45:00","BZN|DE-LU","30065.76","29738.49","29898.84","31516.09"
"03/01/2025 07:45:00 - 03/01/2025 08:00:00","BZN|DE-LU","30573.84","30391.74","30490.17","32290.22"
"03/01/2025 08:00:00 - 03/01/2025 08:15:00","BZN|DE-LU","31042.88","30975.87","30980.18","32796.66"
"03/01/2025 08:15:00 - 03/01/2025 08:30:00","BZN|DE-LU","31380.22","31480.71","31655.83","33409.31"
"03/01/2025 08:30:00 - 03/01/2025 08:45:00","BZN|DE-LU","31726.43","31977.84","32191.28","33643.55"
"03/01/2025 08:45:00 - 03/01/2025 09:00:00","BZN|DE-LU","32088.13","32446.82","32763.83","33803.71"
"03/01/2025 09:00:00 - 03/01/2025 09:15:00","BZN|DE-LU","32402.13","33604.37","33884.31","33741.17"
"03/01/2025 09:15:00 - 03/01/2025 09:30:00","BZN|DE-LU","32606.67","33865.60","34095.15","33711.86"
"03/01/2025 09:30:00 - 03/01/2025 09:45:00","BZN|DE-LU","32813.16","34148.17","33942.50","33874.36"
"03/01/2025 09:45:00 - 03/01/2025 10:00:00","BZN|DE-LU","33012.70","34427.24","34151.32","33850.41"
"03/01/2025 10:00:00 - 03/01/2025 10:15:00","BZN|DE-LU","33189.16","34706.91","34224.85","34285.27"
"03/01/2025 10:15:00 - 03/01/2025 10:30:00","BZN|DE-LU","33385.07","34988.90","34310.55","34517.21"
"03/01/2025 10:30:00 - 03/01/2025 10:45:00","BZN|DE-LU","33584.30","35258.88","34190.35","35028.04"
"03/01/2025 10:45:00 - 03/01/2025 11:00:00","BZN|DE-LU","33787.01","35546.08","34368.86","35262.08"
"03/01/2025 11:00:00 - 03/01/2025 11:15:00","BZN|DE-LU","33915.22","35795.36","34708.12","35635.65"
"03/01/2025 11:15:00 - 03/01/2025 11:30:00","BZN|DE-LU","34013.19","36055.35","35025.76","36185.44"
"03/01/2025 11:30:00 - 03/01/2025 11:45:00","BZN|DE-LU","34120.49","36306.04","35305.83","36371.22"
"03/01/2025 11:45:00 - 03/01/2025 12:00:00","BZN|DE-LU","34211.64","36552.35","35646.16","36234.97"
"03/01/2025 12:00:00 - 03/01/2025 12:15:00","BZN|DE-LU","34238.32","36707.41","35838.39","36187.85"
"03/01/2025 12:15:00 - 03/01/2025 12:30:00","BZN|DE-LU","34171.36","36760.20","36172.14","36023.31"
"03/01/2025 12:30:00 - 03/01/2025 12:45:00","BZN|DE-LU","34126.71","36836.95","36218.37","35915.64"
"03/01/2025 12:45:00 - 03/01/2025 13:00:00","BZN|DE-LU","34133.29","36957.24","36260.36","35549.99"
"03/01/2025 13:00:00 - 03/01/2025 13:15:00","BZN|DE-LU","34022.30","36904.48","36153.77","35178.11"
"03/01/2025 13:15:00 - 03/01/2025 13:30:00","BZN|DE-LU","33707.23","36624.30","35761.65","35278.75"
"03/01/2025 13:30:00 - 03/01/2025 13:45:00","BZN|DE-LU","33300.37","36270.55","35149.56","35045.49"
"03/01/2025 13:45:00 - 03/01/2025 14:00:00","BZN|DE-LU","32831.97","35861.83","34850.72","34591.67"
"03/01/2025 14:00:00 - 03/01/2025 14:15:00","BZN|DE-LU","32303.03","34617.40","34282.47","33909.37"
"03/01/2025 14:15:00 - 03/01/2025 14:30:00","BZN|DE-LU","31717.73","34017.07","33564.60","33558.01"
"03/01/2025 14:30:00 - 03/01/2025 14:45:00","BZN|DE-LU","31128.04","33402.94","32424.30","33301.10"
"03/01/2025 14:45:00 - 03/01/2025 15:00:00","BZN|DE-LU","30529.28","32777.67","31757.82","32753.52"
"03/01/2025 15:00:00 - 03/01/2025 15:15:00","BZN|DE-LU","29960.71","32156.16","31117.64","32328.56"
"03/01/2025 15:15:00 - 03/01/2025 15:30:00","BZN|DE-LU","29473.33","31615.33","30781.80","32078.64"
"03/01/2025 15:30:00 - 03/01/2025 15:45:00","BZN|DE-LU","29016.85","31138.97","30170.42","32220.82"
"03/01/2025 15:45:00 - 03/01/2025 16:00:00","BZN|DE-LU","28571.95","30687.36","29640.82","31797.66"
"03/01/2025 16:00:00 - 03/01/2025 16:15:00","BZN|DE-LU","28141.73","30217.65","29030.74","31173.86"
"03/01/2025 16:15:00 - 03/01/2025 16:30:00","BZN|DE-LU","27826.73","29907.02","28800.19","30736.21"
"03/01/2025 16:30:00 - 03/01/2025 16:45:00","BZN|DE-LU","27506.97","29600.36","28468.08","30796.15"
"03/01/2025 16:45:00 - 03/01/2025 17:00:00","BZN|DE-LU","27171.82","29275.94","27884.43","30616.78"
"03/01/2025 17:00:00 - 03/01/2025 17:15:00","BZN|DE-LU","26813.65","28986.32","27273.27","30079.38"
"03/01/2025 17:15:00 - 03/01/2025 17:30:00","BZN|DE-LU","26460.05","28727.38","27425.56","29631.05"
"03/01/2025 17:30:00 - 03/01/2025 17:45:00","BZN|DE-LU","26103.02","28466.24","27459.90","29597.09"
"03/01/2025 17:45:00 - 03/01/2025 18:00:00","BZN|DE-LU","25751.67","28204.57","27211.86","28747.98"
"03/01/2025 18:00:00 - 03/01/2025 18:15:00","BZN|DE-LU","25434.33","27999.50","27038.40","28046.24"
"03/01/2025 18:15:00 - 03/01/2025 18:30:00","BZN|DE-LU","25148.98","27903.84","26872.42","28026.29"
"03/01/2025 18:30:00 - 03/01/2025 18:45:00","BZN|DE-LU","24867.40","27815.19","26005.02","28080.72"
"03/01/2025 18:45:00 - 03/01/2025 19:00:00","BZN|DE-LU","24587.87","27738.76","25605.27","27553.40"
"03/01/2025 19:00:00 - 03/01/2025 19:15:00","BZN|DE-LU","24327.43","27613.07","25391.77","27483.37"
"03/01/2025 19:15:00 - 03/01/2025 19:30:00","BZN|DE-LU","24148.79","27363.55","25309.53","26921.74"
"03/01/2025 19:30:00 - 03/01/2025 19:45:00","BZN|DE-LU","23987.61","27130.30","25435.87","26875.47"
"03/01/2025 19:45:00 - 03/01/2025 20:00:00","BZN|DE-LU","23858.85","26939.95","25320.15","27122.00"
"03/01/2025 20:00:00 - 03/01/2025 20:15:00","BZN|DE-LU","23732.17","26773.32","25151.02","26848.86"
"03/01/2025 20:15:00 - 03/01/2025 20:30:00","BZN|DE-LU","23608.69","26636.21","24939.18","26525.74"
"03/01/2025 20:30:00 - 03/01/2025 20:45:00","BZN|DE-LU","23449.86","26470.98","25098.08","26065.72"
"03/01/2025 20:45:00 - 03/01/2025 21:00:00","BZN|DE-LU","23270.52","26275.38","24758.60","25910.47"
"03/01/2025 21:00:00 - 03/01/2025 21:15:00","BZN|DE-LU","23069.97","26079.12","24358.91","26329.57"
"03/01/2025 21:15:00 - 03/01/2025 21:30:00","BZN|DE-LU","22852.92","25883.86","23868.03","26704.68"
"03/01/2025 21:30:00 - 03/01/2025 21:45:00","BZN|DE-LU","22629.80","25679.08","23770.09","26620.12"
"03/01/2025 21:45:00 - 03/01/2025 22:00:00","BZN|DE-LU","22409.13","25488.81","24048.79","26227.93"
"03/01/2025 22:00:00 - 03/01/2025 22:15:00","BZN|DE-LU","21980.65","24995.96","23976.31","25402.54"
"03/01/2025 22:15:00 - 03/01/2025 22:30:00","BZN|DE-LU","21764.81","24751.88","23823.17","25062.63"
"03/01/2025 22:30:00 - 03/01/2025 22:45:00","BZN|DE-LU","21540.99","24503.78","23655.70","24630.73"
"03/01/2025 22:45:00 - 03/01/2025 23:00:00","BZN|DE-LU","21313.79","24245.29","23390.35","24373.94"
"03/01/2025 23:00:00 - 03/01/2025 23:15:00","BZN|DE-LU","21074.69","23944.19","22958.31","24170.07"
"03/01/2025 23:15:00 - 03/01/2025 23:30:00","BZN|DE-LU","20824.02","23554.29","22565.81","23760.31"
"03/01/2025 23:30:00 - 03/01/2025 23:45:00","BZN|DE-LU","20566.62","23162.11","22532.12","23618.37"
"03/01/2025 23:45:00 - 04/01/2025 00:00:00","BZN|DE-LU","20299.47","22758.12","22188.46","23409.66"
"04/01/2025 00:00:00 - 04/01/2025 00:15:00","BZN|DE-LU","21418.05","22454.15","22454.15","23131.66"
"04/01/2025 00:15:00 - 04/01/2025 00:30:00","BZN|DE-LU","20992.55","22092.90","22092.90","22925.29"
"04/01/2025 00:30:00 - 04/01/2025 00:45:00","BZN|DE-LU","20547.25","21901.46","21901.46","22559.57"
"04/01/2025 00:45:00 - 04/01/2025 01:00:00","BZN|DE-LU","20082.60","21495.79","21495.79","22080.11"
"04/01/2025 01:00:00 - 04/01/2025 01:15:00","BZN|DE-LU","19569.61","20960.70","20960.70","21574.17"
"04/01/2025 01:15:00 - 04/01/2025 01:30:00","BZN|DE-LU","19033.52","20488.64","20488.64","21032.08"
"04/01/2025 01:30:00 - 04/01/2025 01:45:00","BZN|DE-LU","18513.30","19910.60","19910.60","20587.76"
"04/01/2025 01:45:00 - 04/01/2025 02:00:00","BZN|DE-LU","17993.41","19332.79","19332.79","20248.97"
"04/01/2025 02:00:00 - 04/01/2025 02:15:00","BZN|DE-LU","17469.91","18692.21","18692.21","19597.36"
"04/01/2025 02:15:00 - 04/01/2025 02:30:00","BZN|DE-LU","16965.31","18149.28","18149.28","18589.51"
"04/01/2025 02:30:00 - 04/01/2025 02:45:00","BZN|DE-LU","16456.82","17730.08","17730.08","17669.88"
"04/01/2025 02:45:00 - 04/01/2025 03:00:00","BZN|DE-LU","15947.54","16967.99","16967.99","16883.02"
"04/01/2025 03:00:00 - 04/01/2025 03:15:00","BZN|DE-LU","15445.93","16165.16","16165.16","16350.69"
"04/01/2025 03:15:00 - 04/01/2025 03:30:00","BZN|DE-LU","14983.10","15450.63","15450.63","15994.74"
"04/01/2025 03:30:00 - 04/01/2025 03:45:00","BZN|DE-LU","14519.65","14921.46","14921.46","15571.59"
"04/01/2025 03:45:00 - 04/01/2025 04:00:00","BZN|DE-LU","14057.63","14353.24","14353.24","15069.16"
"04/01/2025 04:00:00 - 04/01/2025 04:15:00","BZN|DE-LU","13576.59","13801.81","13801.81","14603.97"
"04/01/2025 04:15:00 - 04/01/2025 04:30:00","BZN|DE-LU","13069.59","13253.53","13253.53","14137.74"
"04/01/2025 04:30:00 - 04/01/2025 04:45:00","BZN|DE-LU","12559.05","12708.09","12708.09","13564.26"
"04/01/2025 04:45:00 - 04/01/2025 05:00:00","BZN|DE-LU","12041.87","12116.46","12116.46","12846.86"
"04/01/2025 05:00:00 - 04/01/2025 05:15:00","BZN|DE-LU","11502.74","11574.71","11574.71","12114.00"
"04/01/2025 05:15:00 - 04/01/2025 05:30:00","BZN|DE-LU","11000.39","11192.27","11192.27","11468.40"
"04/01/2025 05:30:00 - 04/01/2025 05:45:00","BZN|DE-LU","10492.44","10684.98","10684.98","10888.07"
"04/01/2025 05:45:00 - 04/01/2025 06:00:00","BZN|DE-LU","9984.25","10106.45","10106.45","10549.48"
"04/01/2025 06:00:00 - 04/01/2025 06:15:00","BZN|DE-LU","9560.31","9482.19","9482.19","10367.03"
"04/01/2025 06:15:00 - 04/01/2025 06:30:00","BZN|DE-LU","9222.38","9227.27","9227.27","10116.54"
"04/01/2025 06:30:00 - 04/01/2025 06:45:00","BZN|DE-LU","8873.64","9034.38","9033.90","9866.08"
"04/01/2025 06:45:00 - 04/01/2025 07:00:00","BZN|DE-LU","8497.02","8728.63","8727.81","9562.36"
"04/01/2025 07:00:00 - 04/01/2025 07:15:00","BZN|DE-LU","8206.05","8593.28","8591.84","9300.02"
"04/01/2025 07:15:00 - 04/01/2025 07:30:00","BZN|DE-LU","8022.13","8455.04","8452.70","9173.82"
"04/01/2025 07:30:00 - 04/01/2025 07:45:00","BZN|DE-LU","7869.43","8538.24","8630.13","9147.34"
"04/01/2025 07:45:00 - 04/01/2025 08:00:00","BZN|DE-LU","7730.53","8418.28","8501.93","9105.06"
"04/01/2025 08:00:00 - 04/01/2025 08:15:00","BZN|DE-LU","7624.52","8313.48","8523.15","8801.22"
"04/01/2025 08:15:00 - 04/01/2025 08:30:00","BZN|DE-LU","7577.17","8208.26","8491.87","8508.94"
"04/01/2025 08:30:00 - 04/01/2025 08:45:00","BZN|DE-LU","7542.62","8101.82","8326.25","8278.17"
"04/01/2025 08:45:00 - 04/01/2025 09:00:00","BZN|DE-LU","7504.76","8006.26","8122.70","8141.31"
"04/01/2025 09:00:00 - 04/01/2025 09:15:00","BZN|DE-LU","7468.58","7865.41","7780.31","7882.93"
"04/01/2025 09:15:00 - 04/01/2025 09:30:00","BZN|DE-LU","7430.25","7787.24","7632.59","7623.45"
"04/01/2025 09:30:00 - 04/01/2025 09:45:00","BZN|DE-LU","7399.17","7714.09","7666.74","7429.14"
"04/01/2025 09:45:00 - 04/01/2025 10:00:00","BZN|DE-LU","7356.69","7629.57","7543.38","7321.46"
"04/01/2025 10:00:00 - 04/01/2025 10:15:00","BZN|DE-LU","7301.80","7558.72","7338.10","7234.05"
"04/01/2025 10:15:00 - 04/01/2025 10:30:00","BZN|DE-LU","7257.27","7511.52","7189.68","7292.33"
"04/01/2025 10:30:00 - 04/01/2025 10:45:00","BZN|DE-LU","7195.27","7454.00","6974.16","7378.61"
"04/01/2025 10:45:00 - 04/01/2025 11:00:00","BZN|DE-LU","7139.27","7394.78","6898.45","7441.86"
"04/01/2025 11:00:00 - 04/01/2025 11:15:00","BZN|DE-LU","7112.62","7339.84","6883.51","7474.29"
"04/01/2025 11:15:00 - 04/01/2025 11:30:00","BZN|DE-LU","7128.79","7337.58","6971.40","7489.15"
"04/01/2025 11:30:00 - 04/01/2025 11:45:00","BZN|DE-LU","7142.20","7329.22","7004.64","7412.52"
"04/01/2025 11:45:00 - 04/01/2025 12:00:00","BZN|DE-LU","7151.84","7325.38","6976.35","7243.74"
"04/01/2025 12:00:00 - 04/01/2025 12:15:00","BZN|DE-LU","7181.39","7335.85","6965.79","7205.16"
"04/01/2025 12:15:00 - 04/01/2025 12:30:00","BZN|DE-LU","7219.92","7358.58","6900.79","7140.87"
"04/01/2025 12:30:00 - 04/01/2025 12:45:00","BZN|DE-LU","7257.46","7375.85","6867.38","7206.07"
"04/01/2025 12:45:00 - 04/01/2025 13:00:00","BZN|DE-LU","7287.89","7375.53","6863.01","7260.59"
"04/01/2025 13:00:00 - 04/01/2025 13:15:00","BZN|DE-LU","7275.81","7372.89","6927.80","7312.63"
"04/01/2025 13:15:00 - 04/01/2025 13:30:00","BZN|DE-LU","7234.16","7362.27","6935.30","7264.64"
"04/01/2025 13:30:00 - 04/01/2025 13:45:00","BZN|DE-LU","7191.09","7350.86","7079.64","7304.71"
"04/01/2025 13:45:00 - 04/01/2025 14:00:00","BZN|DE-LU","7148.21","7339.37","7077.22","7456.68"
"04/01/2025 14:00:00 - 04/01/2025 14:15:00","BZN|DE-LU","7138.03","7771.95","7054.56","7623.27"
"04/01/2025 14:15:00 - 04/01/2025 14:30:00","BZN|DE-LU","7157.86","7817.19","7022.30","7571.92"
"04/01/2025 14:30:00 - 04/01/2025 14:45:00","BZN|DE-LU","7180.92","7862.21","7049.87","7515.85"
"04/01/2025 14:45:00 - 04/01/2025 15:00:00","BZN|DE-LU","7201.03","7908.37","7060.46","7409.94"
"04/01/2025 15:00:00 - 04/01/2025 15:15:00","BZN|DE-LU","7227.10","7962.45","7063.72","7281.14"
"04/01/2025 15:15:00 - 04/01/2025 15:30:00","BZN|DE-LU","7309.72","8075.06","7046.79","7355.84"
"04/01/2025 15:30:00 - 04/01/2025 15:45:00","BZN|DE-LU","7391.22","8187.40","7113.84","7424.41"
"04/01/2025 15:45:00 - 04/01/2025 16:00:00","BZN|DE-LU","7476.33","8297.26","7185.10","7549.45"
"04/01/2025 16:00:00 - 04/01/2025 16:15:00","BZN|DE-LU","7561.20","8403.99","7328.92","7862.57"
"04/01/2025 16:15:00 - 04/01/2025 16:30:00","BZN|DE-LU","7694.46","8550.22","7552.12","8223.00"
"04/01/2025 16:30:00 - 04/01/2025 16:45:00","BZN|DE-LU","7833.15","8703.75","7742.84","8466.45"
"04/01/2025 16:45:00 - 04/01/2025 17:00:00","BZN|DE-LU","7967.03","8860.04","7992.77","8668.34"
"04/01/2025 17:00:00 - 04/01/2025 17:15:00","BZN|DE-LU","8078.02","9035.89","8365.65","8822.63"
"04/01/2025 17:15:00 - 04/01/2025 17:30:00","BZN|DE-LU","8141.66","9235.60","8708.34","8938.79"
"04/01/2025 17:30:00 - 04/01/2025 17:45:00","BZN|DE-LU","8209.05","9436.39","9016.92","9004.45"
"04/01/2025 17:45:00 - 04/01/2025 18:00:00","BZN|DE-LU","8277.98","9636.70","9211.13","9150.85"
"04/01/2025 18:00:00 - 04/01/2025 18:15:00","BZN|DE-LU","8342.45","9792.69","9400.16","9302.61"
"04/01/2025 18:15:00 - 04/01/2025 18:30:00","BZN|DE-LU","8387.35","9879.48","9446.82","9548.75"
"04/01/2025 18:30:00 - 04/01/2025 18:45:00","BZN|DE-LU","8431.70","9968.19","9491.56","9942.63"
"04/01/2025 18:45:00 - 04/01/2025 19:00:00","BZN|DE-LU","8474.06","10056.89","9582.53","10291.40"
"04/01/2025 19:00:00 - 04/01/2025 19:15:00","BZN|DE-LU","8511.00","10120.70","9664.24","10455.19"
"04/01/2025 19:15:00 - 04/01/2025 19:30:00","BZN|DE-LU","8526.54","10146.51","9759.04","10679.98"
"04/01/2025 19:30:00 - 04/01/2025 19:45:00","BZN|DE-LU","8550.77","10186.66","10023.71","10742.59"
"04/01/2025 19:45:00 - 04/01/2025 20:00:00","BZN|DE-LU","8590.34","10253.59","10153.57","10703.79"
"04/01/2025 20:00:00 - 04/01/2025 20:15:00","BZN|DE-LU","8609.18","10304.56","10294.43","10690.35"
"04/01/2025 20:15:00 - 04/01/2025 20:30:00","BZN|DE-LU","8570.84","10306.68","10301.28","10586.65"
"04/01/2025 20:30:00 - 04/01/2025 20:45:00","BZN|DE-LU","8514.24","10279.97","10159.17","10627.41"
"04/01/2025 20:45:00 - 04/01/2025 21:00:00","BZN|DE-LU","8448.22","10241.82","10128.94","10684.03"
"04/01/2025 21:00:00 - 04/01/2025 21:15:00","BZN|DE-LU","8400.65","10178.48","10149.60","10596.01"
"04/01/2025 21:15:00 - 04/01/2025 21:30:00","BZN|DE-LU","8376.33","10080.13","10101.50","10379.73"
"04/01/2025 21:30:00 - 04/01/2025 21:45:00","BZN|DE-LU","8351.14","9979.26","10020.92","10380.68"
"04/01/2025 21:45:00 - 04/01/2025 22:00:00","BZN|DE-LU","8326.16","9869.32","9915.25","10344.48"
"04/01/2025 22:00:00 - 04/01/2025 22:15:00","BZN|DE-LU","8270.53","9697.09","9740.55","10125.22"
"04/01/2025 22:15:00 - 04/01/2025 22:30:00","BZN|DE-LU","8211.59","9556.85","9658.26","10003.57"
"04/01/2025 22:30:00 - 04/01/2025 22:45:00","BZN|DE-LU","8154.47","9416.69","9592.72","9859.01"
"04/01/2025 22:45:00 - 04/01/2025 23:00:00","BZN|DE-LU","8096.38","9273.85","9431.51","9767.21"
"04/01/2025 23:00:00 - 04/01/2025 23:15:00","BZN|DE-LU","8046.32","9156.57","9253.26","9680.14"
"04/01/2025 23:15:00 - 04/01/2025 23:30:00","BZN|DE-LU","7994.81","9069.89","9193.05","9612.52"
"04/01/2025 23:30:00 - 04/01/2025 23:45:00","BZN|DE-LU","7938.29","8977.68","9179.69","9479.65"
"04/01/2025 23:45:00 - 05/01/2025 00:00:00","BZN|DE-LU","7882.83","8887.43","9058.41","9307.29"
"05/01/2025 00:00:00 - 05/01/2025 00:15:00","BZN|DE-LU","8847.08","8965.00","8965.00","8743.32"
"05/01/2025 00:15:00 - 05/01/2025 00:30:00","BZN|DE-LU","8736.86","8694.21","8694.21","8357.79"
"05/01/2025 00:30:00 - 05/01/2025 00:45:00","BZN|DE-LU","8628.99","8388.01","8388.01","8424.52"
"05/01/2025 00:45:00 - 05/01/2025 01:00:00","BZN|DE-LU","8525.56","8045.92","8045.92","8726.14"
"05/01/2025 01:00:00 - 05/01/2025 01:15:00","BZN|DE-LU","8432.37","7855.82","7855.82","8728.02"
"05/01/2025 01:15:00 - 05/01/2025 01:30:00","BZN|DE-LU","8350.35","7827.17","7827.17","8536.91"
"05/01/2025 01:30:00 - 05/01/2025 01:45:00","BZN|DE-LU","8259.51","7877.09","7877.09","8525.41"
"05/01/2025 01:45:00 - 05/01/2025 02:00:00","BZN|DE-LU","8172.40","7820.53","7820.53","8573.86"
"05/01/2025 02:00:00 - 05/01/2025 02:15:00","BZN|DE-LU","8134.49","7760.10","7760.10","8643.39"
"05/01/2025 02:15:00 - 05/01/2025 02:30:00","BZN|DE-LU","8221.56","7878.41","7878.41","8538.76"
"05/01/2025 02:30:00 - 05/01/2025 02:45:00","BZN|DE-LU","8331.51","7978.68","7978.67","8366.72"
"05/01/2025 02:45:00 - 05/01/2025 03:00:00","BZN|DE-LU","8447.67","7974.71","7974.71","8174.83"
"05/01/2025 03:00:00 - 05/01/2025 03:15:00","BZN|DE-LU","8590.25","7849.02","7849.02","8082.22"
"05/01/2025 03:15:00 - 05/01/2025 03:30:00","BZN|DE-LU","8789.94","7925.75","7925.75","7999.15"
"05/01/2025 03:30:00 - 05/01/2025 03:45:00","BZN|DE-LU","8972.93","7948.00","7948.00","7916.08"
"05/01/2025 03:45:00 - 05/01/2025 04:00:00","BZN|DE-LU","9167.11","8013.58","8013.58","7846.30"
"05/01/2025 04:00:00 - 05/01/2025 04:15:00","BZN|DE-LU","9361.46","8197.01","8197.01","7926.25"
"05/01/2025 04:15:00 - 05/01/2025 04:30:00","BZN|DE-LU","9615.72","8482.04","8482.04","8161.69"
"05/01/2025 04:30:00 - 05/01/2025 04:45:00","BZN|DE-LU","9860.47","8825.01","8825.01","8498.34"
"05/01/2025 04:45:00 - 05/01/2025 05:00:00","BZN|DE-LU","10091.43","9083.06","9083.06","8835.35"
"05/01/2025 05:00:00 - 05/01/2025 05:15:00","BZN|DE-LU","10379.07","9431.18","9431.18","9115.30"
"05/01/2025 05:15:00 - 05/01/2025 05:30:00","BZN|DE-LU","10812.91","9912.79","9912.79","9454.88"
"05/01/2025 05:30:00 - 05/01/2025 05:45:00","BZN|DE-LU","11240.50","10465.55","10465.55","9967.87"
"05/01/2025 05:45:00 - 05/01/2025 06:00:00","BZN|DE-LU","11629.50","10791.28","10791.28","10179.34"
"05/01/2025 06:00:00 - 05/01/2025 06:15:00","BZN|DE-LU","12101.38","10693.78","10693.78","10659.20"
"05/01/2025 06:15:00 - 05/01/2025 06:30:00","BZN|DE-LU","12539.17","11079.78","11079.78","10864.32"
"05/01/2025 06:30:00 - 05/01/2025 06:45:00","BZN|DE-LU","12935.30","11601.23","11599.49","11168.73"
"05/01/2025 06:45:00 - 05/01/2025 07:00:00","BZN|DE-LU","13322.04","12029.41","12027.87","11445.09"
"05/01/2025 07:00:00 - 05/01/2025 07:15:00","BZN|DE-LU","13773.05","12470.98","12469.52","11816.91"
"05/01/2025 07:15:00 - 05/01/2025 07:30:00","BZN|DE-LU","14271.80","13008.63","12961.80","12438.21"
"05/01/2025 07:30:00 - 05/01/2025 07:45:00","BZN|DE-LU","14848.00","13607.22","12697.27","13207.36"
"05/01/2025 07:45:00 - 05/01/2025 08:00:00","BZN|DE-LU","15457.93","14279.30","13341.13","13882.80"
"05/01/2025 08:00:00 - 05/01/2025 08:15:00","BZN|DE-LU","16137.56","14975.62","13992.35","14537.69"
"05/01/2025 08:15:00 - 05/01/2025 08:30:00","BZN|DE-LU","16793.95","15677.74","14791.79","15482.69"
"05/01/2025 08:30:00 - 05/01/2025 08:45:00","BZN|DE-LU","17515.60","16397.91","15620.73","16241.40"
"05/01/2025 08:45:00 - 05/01/2025 09:00:00","BZN|DE-LU","18314.40","17127.92","16376.98","16651.08"
"05/01/2025 09:00:00 - 05/01/2025 09:15:00","BZN|DE-LU","19081.44","17866.90","17240.33","17171.52"
"05/01/2025 09:15:00 - 05/01/2025 09:30:00","BZN|DE-LU","19753.80","18526.96","18045.75","17898.32"
"05/01/2025 09:30:00 - 05/01/2025 09:45:00","BZN|DE-LU","20435.66","19184.34","17880.09","18547.85"
"05/01/2025 09:45:00 - 05/01/2025 10:00:00","BZN|DE-LU","21131.40","19843.55","18587.32","19000.36"
"05/01/2025 10:00:00 - 05/01/2025 10:15:00","BZN|DE-LU","21781.73","20456.18","19359.26","19783.56"
"05/01/2025 10:15:00 - 05/01/2025 10:30:00","BZN|DE-LU","22363.10","21008.08","20008.50","20563.02"
"05/01/2025 10:30:00 - 05/01/2025 10:45:00","BZN|DE-LU","22929.77","21552.92","20231.53","21080.76"
"05/01/2025 10:45:00 - 05/01/2025 11:00:00","BZN|DE-LU","23461.30","22072.48","20855.96","21544.23"
"05/01/2025 11:00:00 - 05/01/2025 11:15:00","BZN|DE-LU","23950.93","22597.73","21403.64","21917.95"
"05/01/2025 11:15:00 - 05/01/2025 11:30:00","BZN|DE-LU","24316.54","23063.90","21989.63","22369.21"
"05/01/2025 11:30:00 - 05/01/2025 11:45:00","BZN|DE-LU","24670.68","23513.88","22407.92","22807.70"
"05/01/2025 11:45:00 - 05/01/2025 12:00:00","BZN|DE-LU","25016.32","23947.49","22869.06","23083.76"
"05/01/2025 12:00:00 - 05/01/2025 12:15:00","BZN|DE-LU","25431.55","24386.55","23620.94","23484.93"
"05/01/2025 12:15:00 - 05/01/2025 12:30:00","BZN|DE-LU","25917.12","24816.47","24079.13","23555.74"
"05/01/2025 12:30:00 - 05/01/2025 12:45:00","BZN|DE-LU","26420.44","25257.19","24447.22","23549.46"
"05/01/2025 12:45:00 - 05/01/2025 13:00:00","BZN|DE-LU","26955.65","25720.18","24923.17","23519.48"
"05/01/2025 13:00:00 - 05/01/2025 13:15:00","BZN|DE-LU","27576.65","26301.43","24603.65","23808.23"
"05/01/2025 13:15:00 - 05/01/2025 13:30:00","BZN|DE-LU","28222.50","26930.47","25042.22","24303.77"
"05/01/2025 13:30:00 - 05/01/2025 13:45:00","BZN|DE-LU","28833.76","27536.51","25317.63","24677.49"
"05/01/2025 13:45:00 - 05/01/2025 14:00:00","BZN|DE-LU","29451.05","28140.76","25898.54","25100.72"
"05/01/2025 14:00:00 - 05/01/2025 14:15:00","BZN|DE-LU","30046.46","28580.83","26369.95","25750.23"
"05/01/2025 14:15:00 - 05/01/2025 14:30:00","BZN|DE-LU","30633.51","29160.08","27042.40","26140.46"
"05/01/2025 14:30:00 - 05/01/2025 14:45:00","BZN|DE-LU","31216.54","29735.20","26843.23","26580.12"
"05/01/2025 14:45:00 - 05/01/2025 15:00:00","BZN|DE-LU","31793.23","30314.41","27615.74","27043.30"
"05/01/2025 15:00:00 - 05/01/2025 15:15:00","BZN|DE-LU","32298.72","30884.67","28421.23","27647.98"
"05/01/2025 15:15:00 - 05/01/2025 15:30:00","BZN|DE-LU","32706.66","31458.04","29048.78","28106.66"
"05/01/2025 15:30:00 - 05/01/2025 15:45:00","BZN|DE-LU","33082.69","32000.96","29638.64","28805.79"
"05/01/2025 15:45:00 - 05/01/2025 16:00:00","BZN|DE-LU","33435.63","32536.27","30203.24","29348.94"
"05/01/2025 16:00:00 - 05/01/2025 16:15:00","BZN|DE-LU","33679.11","32945.40","30723.77","30028.51"
"05/01/2025 16:15:00 - 05/01/2025 16:30:00","BZN|DE-LU","33839.04","33169.02","31052.75","30469.87"
"05/01/2025 16:30:00 - 05/01/2025 16:45:00","BZN|DE-LU","34004.99","33391.13","31265.27","30856.66"
"05/01/2025 16:45:00 - 05/01/2025 17:00:00","BZN|DE-LU","34170.59","33588.44","31561.96","31224.58"
"05/01/2025 17:00:00 - 05/01/2025 17:15:00","BZN|DE-LU","34306.68","33788.38","31769.26","31504.75"
"05/01/2025 17:15:00 - 05/01/2025 17:30:00","BZN|DE-LU","34397.08","33966.53","31847.75","31497.19"
"05/01/2025 17:30:00 - 05/01/2025 17:45:00","BZN|DE-LU","34479.99","34126.62","31865.53","31459.40"
"05/01/2025 17:45:00 - 05/01/2025 18:00:00","BZN|DE-LU","34557.91","34267.66","32020.43","31748.94"
"05/01/2025 18:00:00 - 05/01/2025 18:15:00","BZN|DE-LU","34624.59","34323.28","32203.83","31891.88"
"05/01/2025 18:15:00 - 05/01/2025 18:30:00","BZN|DE-LU","34663.04","34292.45","32170.33","31839.17"
"05/01/2025 18:30:00 - 05/01/2025 18:45:00","BZN|DE-LU","34694.81","34248.75","32060.16","31717.61"
"05/01/2025 18:45:00 - 05/01/2025 19:00:00","BZN|DE-LU","34726.84","34217.35","31976.06","31582.08"
"05/01/2025 19:00:00 - 05/01/2025 19:15:00","BZN|DE-LU","34796.53","34203.63","31732.94","31346.72"
"05/01/2025 19:15:00 - 05/01/2025 19:30:00","BZN|DE-LU","34872.35","34209.74","31561.70","31197.03"
"05/01/2025 19:30:00 - 05/01/2025 19:45:00","BZN|DE-LU","34902.65","34207.37","31499.57","31057.67"
"05/01/2025 19:45:00 - 05/01/2025 20:00:00","BZN|DE-LU","34962.56","34226.17","31410.93","30785.51"
"05/01/2025 20:00:00 - 05/01/2025 20:15:00","BZN|DE-LU","34986.38","34231.11","31242.70","30645.33"
"05/01/2025 20:15:00 - 05/01/2025 20:30:00","BZN|DE-LU","34952.86","34220.56","31219.79","30578.86"
"05/01/2025 20:30:00 - 05/01/2025 20:45:00","BZN|DE-LU","34907.45","34200.22","30884.04","30573.94"
"05/01/2025 20:45:00 - 05/01/2025 21:00:00","BZN|DE-LU","34881.70","34200.29","30809.91","30554.71"
"05/01/2025 21:00:00 - 05/01/2025 21:15:00","BZN|DE-LU","34876.19","34212.04","30823.09","30484.30"
"05/01/2025 21:15:00 - 05/01/2025 21:30:00","BZN|DE-LU","34872.58","34222.70","30980.98","30196.15"
"05/01/2025 21:30:00 - 05/01/2025 21:45:00","BZN|DE-LU","34888.07","34245.15","30998.62","30106.98"
"05/01/2025 21:45:00 - 05/01/2025 22:00:00","BZN|DE-LU","34920.83","34271.63","31040.48","29841.63"
"05/01/2025 22:00:00 - 05/01/2025 22:15:00","BZN|DE-LU","34440.02","33700.18","30392.19","28360.90"
"05/01/2025 22:15:00 - 05/01/2025 22:30:00","BZN|DE-LU","34553.61","33664.18","30291.66","28309.19"
"05/01/2025 22:30:00 - 05/01/2025 22:45:00","BZN|DE-LU","34671.94","33641.10","30524.83","28142.12"
"05/01/2025 22:45:00 - 05/01/2025 23:00:00","BZN|DE-LU","34792.67","33604.79","30533.06","28218.75"
"05/01/2025 23:00:00 - 05/01/2025 23:15:00","BZN|DE-LU","34914.09","33613.50","30559.36","28285.44"
"05/01/2025 23:15:00 - 05/01/2025 23:30:00","BZN|DE-LU","35032.79","33662.25","30679.59","28187.56"
"05/01/2025 23:30:00 - 05/01/2025 23:45:00","BZN|DE-LU","35154.17","33717.46","30584.73","28171.49"
"05/01/2025 23:45:00 - 06/01/2025 00:00:00","BZN|DE-LU","35272.42","33766.73","30628.89","28244.66"
"06/01/2025 00:00:00 - 06/01/2025 00:15:00","BZN|DE-LU","32868.21","28842.58","28842.58","28268.54"
"06/01/2025 00:15:00 - 06/01/2025 00:30:00","BZN|DE-LU","32920.90","28889.81","28889.81","28353.51"
"06/01/2025 00:30:00 - 06/01/2025 00:45:00","BZN|DE-LU","32987.80","29108.97","29108.97","28379.29"
"06/01/2025 00:45:00 - 06/01/2025 01:00:00","BZN|DE-LU","33020.31","29251.95","29251.95","28477.56"
"06/01/2025 01:00:00 - 06/01/2025 01:15:00","BZN|DE-LU","33078.86","29449.67","29449.67","28494.21"
"06/01/2025 01:15:00 - 06/01/2025 01:30:00","BZN|DE-LU","33201.22","29686.36","29686.36","28606.05"
"06/01/2025 01:30:00 - 06/01/2025 01:45:00","BZN|DE-LU","33336.47","29771.25","29771.25","28891.82"
"06/01/2025 01:45:00 - 06/01/2025 02:00:00","BZN|DE-LU","33492.22","29961.25","29961.25","29277.28"
"06/01/2025 02:00:00 - 06/01/2025 02:15:00","BZN|DE-LU","33685.27","30234.75","30234.75","29754.94"
"06/01/2025 02:15:00 - 06/01/2025 02:30:00","BZN|DE-LU","33922.04","30667.15","30667.15","30226.15"
"06/01/2025 02:30:00 - 06/01/2025 02:45:00","BZN|DE-LU","34159.00","30996.58","30996.58","30626.83"
"06/01/2025 02:45:00 - 06/01/2025 03:00:00","BZN|DE-LU","34409.19","31397.15","31397.15","31060.94"
"06/01/2025 03:00:00 - 06/01/2025 03:15:00","BZN|DE-LU","34604.09","32013.97","32013.97","31439.22"
"06/01/2025 03:15:00 - 06/01/2025 03:30:00","BZN|DE-LU","34782.43","32379.97","32379.97","31907.15"
"06/01/2025 03:30:00 - 06/01/2025 03:45:00","BZN|DE-LU","34942.26","32730.17","32730.17","32191.39"
"06/01/2025 03:45:00 - 06/01/2025 04:00:00","BZN|DE-LU","35093.44","33127.78","33127.79","32593.65"
"06/01/2025 04:00:00 - 06/01/2025 04:15:00","BZN|DE-LU","35251.44","33521.39","33521.39","32891.72"
"06/01/2025 04:15:00 - 06/01/2025 04:30:00","BZN|DE-LU","35373.72","33764.84","33764.84","33108.13"
"06/01/2025 04:30:00 - 06/01/2025 04:45:00","BZN|DE-LU","35489.85","33838.86","33838.86","33414.37"
"06/01/2025 04:45:00 - 06/01/2025 05:00:00","BZN|DE-LU","35602.70","34102.35","34102.35","33950.01"
"06/01/2025 05:00:00 - 06/01/2025 05:15:00","BZN|DE-LU","35693.09","34469.42","34469.42","34481.94"
"06/01/2025 05:15:00 - 06/01/2025 05:30:00","BZN|DE-LU","35780.23","34785.15","34785.15","34804.40"
"06/01/2025 05:30:00 - 06/01/2025 05:45:00","BZN|DE-LU","35868.03","34931.32","34931.32","34968.12"
"06/01/2025 05:45:00 - 06/01/2025 06:00:00","BZN|DE-LU","35950.44","35160.64","35160.64","35467.08"
"06/01/2025 06:00:00 - 06/01/2025 06:15:00","BZN|DE-LU","36791.42","36134.29","36134.29","36567.88"
"06/01/2025 06:15:00 - 06/01/2025 06:30:00","BZN|DE-LU","36912.00","36518.32","36518.32","36415.29"
"06/01/2025 06:30:00 - 06/01/2025 06:45:00","BZN|DE-LU","36996.10","36449.91","36446.78","37205.40"
"06/01/2025 06:45:00 - 06/01/2025 07:00:00","BZN|DE-LU","37022.33","36539.04","36534.09","37917.11"
"06/01/2025 07:00:00 - 06/01/2025 07:15:00","BZN|DE-LU","37013.58","36941.28","36934.74","38323.47"
"06/01/2025 07:15:00 - 06/01/2025 07:30:00","BZN|DE-LU","37023.04","37397.17","37454.35","38720.17"
"06/01/2025 07:30:00 - 06/01/2025 07:45:00","BZN|DE-LU","37096.51","37674.35","37787.07","39131.34"
"06/01/2025 07:45:00 - 06/01/2025 08:00:00","BZN|DE-LU","37200.61","37873.94","38111.32","39335.10"
"06/01/2025 08:00:00 - 06/01/2025 08:15:00","BZN|DE-LU","37362.50","38019.00","38584.80","39402.85"
"06/01/2025 08:15:00 - 06/01/2025 08:30:00","BZN|DE-LU","37545.15","38120.34","38854.39","39656.60"
"06/01/2025 08:30:00 - 06/01/2025 08:45:00","BZN|DE-LU","37730.64","38249.52","38953.15","39853.58"
"06/01/2025 08:45:00 - 06/01/2025 09:00:00","BZN|DE-LU","37918.86","38338.70","39032.48","40093.76"
"06/01/2025 09:00:00 - 06/01/2025 09:15:00","BZN|DE-LU","38063.62","38406.95","39070.91","40106.81"
"06/01/2025 09:15:00 - 06/01/2025 09:30:00","BZN|DE-LU","38125.86","38460.15","39201.11","40217.31"
"06/01/2025 09:30:00 - 06/01/2025 09:45:00","BZN|DE-LU","38189.89","38508.70","39417.89","40263.68"
"06/01/2025 09:45:00 - 06/01/2025 10:00:00","BZN|DE-LU","38249.59","38549.89","39460.14","40350.60"
"06/01/2025 10:00:00 - 06/01/2025 10:15:00","BZN|DE-LU","38301.53","38577.70","39324.46","40592.09"
"06/01/2025 10:15:00 - 06/01/2025 10:30:00","BZN|DE-LU","38338.89","38613.97","39314.19","40784.02"
"06/01/2025 10:30:00 - 06/01/2025 10:45:00","BZN|DE-LU","38385.00","38681.92","39653.43","40690.01"
"06/01/2025 10:45:00 - 06/01/2025 11:00:00","BZN|DE-LU","38431.01","38753.95","39766.68","40536.93"
"06/01/2025 11:00:00 - 06/01/2025 11:15:00","BZN|DE-LU","38504.14","38853.94","39872.78","40615.81"
"06/01/2025 11:15:00 - 06/01/2025 11:30:00","BZN|DE-LU","38629.72","39023.36","39921.41","40925.16"
"06/01/2025 11:30:00 - 06/01/2025 11:45:00","BZN|DE-LU","38754.12","39188.26","40084.49","40939.25"
"06/01/2025 11:45:00 - 06/01/2025 12:00:00","BZN|DE-LU","38877.90","39389.65","40257.39","40998.95"
"06/01/2025 12:00:00 - 06/01/2025 12:15:00","BZN|DE-LU","39016.98","39561.53","40495.24","41047.88"
"06/01/2025 12:15:00 - 06/01/2025 12:30:00","BZN|DE-LU","39188.04","39738.35","40559.42","41113.04"
"06/01/2025 12:30:00 - 06/01/2025 12:45:00","BZN|DE-LU","39393.90","39945.20","40647.73","41203.22"
"06/01/2025 12:45:00 - 06/01/2025 13:00:00","BZN|DE-LU","39669.96","40200.65","40682.99","40901.92"
"06/01/2025 13:00:00 - 06/01/2025 13:15:00","BZN|DE-LU","40042.85","40508.11","40538.19","40998.46"
"06/01/2025 13:15:00 - 06/01/2025 13:30:00","BZN|DE-LU","40377.87","40769.65","40643.73","41119.52"
"06/01/2025 13:30:00 - 06/01/2025 13:45:00","BZN|DE-LU","40640.70","40969.08","40190.81","41013.90"
"06/01/2025 13:45:00 - 06/01/2025 14:00:00","BZN|DE-LU","40868.49","41134.73","40310.96","41071.68"
"06/01/2025 14:00:00 - 06/01/2025 14:15:00","BZN|DE-LU","41097.29","40997.78","40555.10","40924.60"
"06/01/2025 14:15:00 - 06/01/2025 14:30:00","BZN|DE-LU","41378.57","41272.89","40883.70","41232.58"
"06/01/2025 14:30:00 - 06/01/2025 14:45:00","BZN|DE-LU","41654.62","41541.94","41052.38","41427.22"
"06/01/2025 14:45:00 - 06/01/2025 15:00:00","BZN|DE-LU","41925.20","41806.56","41353.14","41329.38"
"06/01/2025 15:00:00 - 06/01/2025 15:15:00","BZN|DE-LU","42240.48","42115.14","41788.13","41158.84"
"06/01/2025 15:15:00 - 06/01/2025 15:30:00","BZN|DE-LU","42552.72","42398.90","42099.32","40822.82"
"06/01/2025 15:30:00 - 06/01/2025 15:45:00","BZN|DE-LU","42861.73","42669.95","42144.02","41463.01"
"06/01/2025 15:45:00 - 06/01/2025 16:00:00","BZN|DE-LU","43169.26","42945.74","42372.02","42182.34"
"06/01/2025 16:00:00 - 06/01/2025 16:15:00","BZN|DE-LU","43451.07","43221.37","42572.99","42796.68"
"06/01/2025 16:15:00 - 06/01/2025 16:30:00","BZN|DE-LU","43720.48","43510.89","43056.93","43246.85"
"06/01/2025 16:30:00 - 06/01/2025 16:45:00","BZN|DE-LU","43981.67","43804.61","43530.83","44008.52"
"06/01/2025 16:45:00 - 06/01/2025 17:00:00","BZN|DE-LU","44230.98","44081.40","43687.15","44540.15"
"06/01/2025 17:00:00 - 06/01/2025 17:15:00","BZN|DE-LU","44429.57","44308.00","43637.34","44922.70"
"06/01/2025 17:15:00 - 06/01/2025 17:30:00","BZN|DE-LU","44560.67","44489.46","44025.98","45343.17"
"06/01/2025 17:30:00 - 06/01/2025 17:45:00","BZN|DE-LU","44696.77","44665.26","44746.61","45880.08"
"06/01/2025 17:45:00 - 06/01/2025 18:00:00","BZN|DE-LU","44821.82","44827.65","45056.12","45545.17"
"06/01/2025 18:00:00 - 06/01/2025 18:15:00","BZN|DE-LU","44894.55","44909.57","45397.23","45433.13"
"06/01/2025 18:15:00 - 06/01/2025 18:30:00","BZN|DE-LU","44884.62","44855.93","45364.83","44988.58"
"06/01/2025 18:30:00 - 06/01/2025 18:45:00","BZN|DE-LU","44877.26","44807.06","45005.62","45004.25"
"06/01/2025 18:45:00 - 06/01/2025 19:00:00","BZN|DE-LU","44885.17","44758.28","44988.59","45151.82"
"06/01/2025 19:00:00 - 06/01/2025 19:15:00","BZN|DE-LU","44855.32","44697.01","44554.00","45157.16"
"06/01/2025 19:15:00 - 06/01/2025 19:30:00","BZN|DE-LU","44822.36","44606.43","44417.56","45450.17"
"06/01/2025 19:30:00 - 06/01/2025 19:45:00","BZN|DE-LU","44794.96","44519.33","44497.52","45719.87"
"06/01/2025 19:45:00 - 06/01/2025 20:00:00","BZN|DE-LU","44785.10","44457.81","44471.10","45654.86"
"06/01/2025 20:00:00 - 06/01/2025 20:15:00","BZN|DE-LU","44714.26","44336.09","44493.95","45463.15"
"06/01/2025 20:15:00 - 06/01/2025 20:30:00","BZN|DE-LU","44594.13","44171.37","44649.00","45289.26"
"06/01/2025 20:30:00 - 06/01/2025 20:45:00","BZN|DE-LU","44451.94","43986.55","44674.31","44946.14"
"06/01/2025 20:45:00 - 06/01/2025 21:00:00","BZN|DE-LU","44286.15","43785.10","44346.73","44608.25"
"06/01/2025 21:00:00 - 06/01/2025 21:15:00","BZN|DE-LU","44078.70","43554.77","43980.70","44803.02"
"06/01/2025 21:15:00 - 06/01/2025 21:30:00","BZN|DE-LU","43824.28","43296.19","43750.98","44617.91"
"06/01/2025 21:30:00 - 06/01/2025 21:45:00","BZN|DE-LU","43577.30","43036.24","43334.96","44134.28"
"06/01/2025 21:45:00 - 06/01/2025 22:00:00","BZN|DE-LU","43338.01","42781.47","43117.30","43653.69"
"06/01/2025 22:00:00 - 06/01/2025 22:15:00","BZN|DE-LU","42136.47","41527.18","41720.60","40930.96"
"06/01/2025 22:15:00 - 06/01/2025 22:30:00","BZN|DE-LU","41881.52","41228.84","41289.19","40946.68"
"06/01/2025 22:30:00 - 06/01/2025 22:45:00","BZN|DE-LU","41634.54","40930.89","41424.82","40845.07"
"06/01/2025 22:45:00 - 06/01/2025 23:00:00","BZN|DE-LU","41392.10","40639.98","40751.91","40499.52"
"06/01/2025 23:00:00 - 06/01/2025 23:15:00","BZN|DE-LU","41162.48","40353.38","39976.33","40079.91"
"06/01/2025 23:15:00 - 06/01/2025 23:30:00","BZN|DE-LU","40940.99","40122.08","39836.62","39712.29"
"06/01/2025 23:30:00 - 06/01/2025 23:45:00","BZN|DE-LU","40721.37","39887.67","39532.71","39662.96"
"06/01/2025 23:45:00 - 07/01/2025 00:00:00","BZN|DE-LU","40497.30","39649.45","39289.31","39354.66"
"07/01/2025 00:00:00 - 07/01/2025 00:15:00","BZN|DE-LU","39507.88","38972.87","38972.87","39444.56"
"07/01/2025 00:15:00 - 07/01/2025 00:30:00","BZN|DE-LU","39331.53","38957.06","38957.06","39243.36"
"07/01/2025 00:30:00 - 07/01/2025 00:45:00","BZN|DE-LU","39132.88","38884.00","38884.00","39039.79"
"07/01/2025 00:45:00 - 07/01/2025 01:00:00","BZN|DE-LU","38891.66","38872.30","38872.30","38984.61"
"07/01/2025 01:00:00 - 07/01/2025 01:15:00","BZN|DE-LU","38636.41","38738.36","38738.36","38478.26"
"07/01/2025 01:15:00 - 07/01/2025 01:30:00","BZN|DE-LU","38450.33","38569.82","38569.82","38202.63"
"07/01/2025 01:30:00 - 07/01/2025 01:45:00","BZN|DE-LU","38309.06","38351.05","38351.05","38165.53"
"07/01/2025 01:45:00 - 07/01/2025 02:00:00","BZN|DE-LU","38182.81","37891.59","37891.59","38188.02"
"07/01/2025 02:00:00 - 07/01/2025 02:15:00","BZN|DE-LU","38118.96","37504.10","37504.10","38167.13"
"07/01/2025 02:15:00 - 07/01/2025 02:30:00","BZN|DE-LU","38122.90","37618.56","37618.56","38119.24"
"07/01/2025 02:30:00 - 07/01/2025 02:45:00","BZN|DE-LU","38131.09","37823.01","37823.01","38403.63"
"07/01/2025 02:45:00 - 07/01/2025 03:00:00","BZN|DE-LU","38139.06","37753.71","37753.71","38247.67"
"07/01/2025 03:00:00 - 07/01/2025 03:15:00","BZN|DE-LU","38128.65","37683.40","37683.40","38064.66"
"07/01/2025 03:15:00 - 07/01/2025 03:30:00","BZN|DE-LU","38091.76","37667.83","37667.83","38164.08"
"07/01/2025 03:30:00 - 07/01/2025 03:45:00","BZN|DE-LU","38055.17","37447.98","37447.98","38203.07"
"07/01/2025 03:45:00 - 07/01/2025 04:00:00","BZN|DE-LU","38019.55","37511.35","37511.36","38184.21"
"07/01/2025 04:00:00 - 07/01/2025 04:15:00","BZN|DE-LU","37997.81","37714.69","37714.69","37932.23"
"07/01/2025 04:15:00 - 07/01/2025 04:30:00","BZN|DE-LU","37967.72","37980.54","37980.54","37890.39"
"07/01/2025 04:30:00 - 07/01/2025 04:45:00","BZN|DE-LU","37935.68","37754.14","37754.15","37788.54"
"07/01/2025 04:45:00 - 07/01/2025 05:00:00","BZN|DE-LU","37899.36","37763.30","37763.30","37672.77"
"07/01/2025 05:00:00 - 07/01/2025 05:15:00","BZN|DE-LU","37861.82","37524.41","37524.41","37218.27"
"07/01/2025 05:15:00 - 07/01/2025 05:30:00","BZN|DE-LU","37844.49","37447.22","37447.22","37259.21"
"07/01/2025 05:30:00 - 07/01/2025 05:45:00","BZN|DE-LU","37820.90","37283.34","37283.35","37871.50"
"07/01/2025 05:45:00 - 07/01/2025 06:00:00","BZN|DE-LU","37798.95","37260.63","37260.63","38130.43"
"07/01/2025 06:00:00 - 07/01/2025 06:15:00","BZN|DE-LU","38583.35","38087.77","38087.77","39681.01"
"07/01/2025 06:15:00 - 07/01/2025 06:30:00","BZN|DE-LU","38501.89","38191.98","38191.98","39668.34"
"07/01/2025 06:30:00 - 07/01/2025 06:45:00","BZN|DE-LU","38397.70","37852.87","37849.28","39662.65"
"07/01/2025 06:45:00 - 07/01/2025 07:00:00","BZN|DE-LU","38241.00","37836.66","37831.66","39083.04"
"07/01/2025 07:00:00 - 07/01/2025 07:15:00","BZN|DE-LU","38025.52","37612.87","37606.63","38952.72"
"07/01/2025 07:15:00 - 07/01/2025 07:30:00","BZN|DE-LU","37749.99","37259.03","37259.56","38854.33"
"07/01/2025 07:30:00 - 07/01/2025 07:45:00","BZN|DE-LU","37542.01","36642.54","36920.19","38736.18"
"07/01/2025 07:45:00 - 07/01/2025 08:00:00","BZN|DE-LU","37365.82","36355.08","36629.17","38566.59"
"07/01/2025 08:00:00 - 07/01/2025 08:15:00","BZN|DE-LU","37190.76","36159.11","36436.42","38367.73"
"07/01/2025 08:15:00 - 07/01/2025 08:30:00","BZN|DE-LU","37008.92","36057.76","36346.84","38031.84"
"07/01/2025 08:30:00 - 07/01/2025 08:45:00","BZN|DE-LU","36828.63","35929.45","36174.17","37740.27"
"07/01/2025 08:45:00 - 07/01/2025 09:00:00","BZN|DE-LU","36648.08","35735.33","35961.02","37490.65"
"07/01/2025 09:00:00 - 07/01/2025 09:15:00","BZN|DE-LU","36415.39","36841.73","37167.83","36975.65"
"07/01/2025 09:15:00 - 07/01/2025 09:30:00","BZN|DE-LU","36133.09","36553.48","36932.80","36038.07"
"07/01/2025 09:30:00 - 07/01/2025 09:45:00","BZN|DE-LU","35860.65","36271.89","36621.63","35566.23"
"07/01/2025 09:45:00 - 07/01/2025 10:00:00","BZN|DE-LU","35616.32","36039.73","36425.07","35143.60"
"07/01/2025 10:00:00 - 07/01/2025 10:15:00","BZN|DE-LU","35364.57","35830.50","36084.93","35065.84"
"07/01/2025 10:15:00 - 07/01/2025 10:30:00","BZN|DE-LU","35247.57","35743.78","35807.43","35076.91"
"07/01/2025 10:30:00 - 07/01/2025 10:45:00","BZN|DE-LU","35183.89","35709.59","35694.80","35306.30"
"07/01/2025 10:45:00 - 07/01/2025 11:00:00","BZN|DE-LU","35133.83","35686.43","35688.04","35609.05"
"07/01/2025 11:00:00 - 07/01/2025 11:15:00","BZN|DE-LU","35206.47","35692.83","35706.28","35687.98"
"07/01/2025 11:15:00 - 07/01/2025 11:30:00","BZN|DE-LU","35511.08","35799.21","35953.92","35745.54"
"07/01/2025 11:30:00 - 07/01/2025 11:45:00","BZN|DE-LU","35817.41","35904.36","36197.67","35976.24"
"07/01/2025 11:45:00 - 07/01/2025 12:00:00","BZN|DE-LU","36110.60","36006.07","36236.99","36100.48"
"07/01/2025 12:00:00 - 07/01/2025 12:15:00","BZN|DE-LU","36319.90","36098.88","36194.34","36017.35"
"07/01/2025 12:15:00 - 07/01/2025 12:30:00","BZN|DE-LU","36297.29","36106.92","35987.83","35874.00"
"07/01/2025 12:30:00 - 07/01/2025 12:45:00","BZN|DE-LU","36309.32","36149.69","35774.31","35541.03"
"07/01/2025 12:45:00 - 07/01/2025 13:00:00","BZN|DE-LU","36394.56","36242.77","35686.65","35745.78"
"07/01/2025 13:00:00 - 07/01/2025 13:15:00","BZN|DE-LU","36462.16","36281.75","35773.98","35576.24"
"07/01/2025 13:15:00 - 07/01/2025 13:30:00","BZN|DE-LU","36343.30","36128.56","35451.42","35248.66"
"07/01/2025 13:30:00 - 07/01/2025 13:45:00","BZN|DE-LU","36130.92","35885.14","35180.70","34991.24"
"07/01/2025 13:45:00 - 07/01/2025 14:00:00","BZN|DE-LU","35864.54","35595.59","34829.66","34783.26"
"07/01/2025 14:00:00 - 07/01/2025 14:15:00","BZN|DE-LU","35595.38","35031.82","34487.84","34819.31"
"07/01/2025 14:15:00 - 07/01/2025 14:30:00","BZN|DE-LU","35303.44","34669.33","34159.27","34579.04"
"07/01/2025 14:30:00 - 07/01/2025 14:45:00","BZN|DE-LU","35010.92","34304.24","33972.85","34246.87"
"07/01/2025 14:45:00 - 07/01/2025 15:00:00","BZN|DE-LU","34717.77","33935.75","33561.14","33546.14"
"07/01/2025 15:00:00 - 07/01/2025 15:15:00","BZN|DE-LU","34482.40","33682.31","33304.56","33454.89"
"07/01/2025 15:15:00 - 07/01/2025 15:30:00","BZN|DE-LU","34375.86","33572.10","33178.53","32865.81"
"07/01/2025 15:30:00 - 07/01/2025 15:45:00","BZN|DE-LU","34292.71","33481.70","33299.14","32745.73"
"07/01/2025 15:45:00 - 07/01/2025 16:00:00","BZN|DE-LU","34220.53","33392.89","33240.75","33130.31"
"07/01/2025 16:00:00 - 07/01/2025 16:15:00","BZN|DE-LU","34143.29","33317.94","33264.42","33329.77"
"07/01/2025 16:15:00 - 07/01/2025 16:30:00","BZN|DE-LU","34185.18","33415.57","33216.08","33484.67"
"07/01/2025 16:30:00 - 07/01/2025 16:45:00","BZN|DE-LU","34236.84","33517.50","33683.13","33721.07"
"07/01/2025 16:45:00 - 07/01/2025 17:00:00","BZN|DE-LU","34288.88","33617.18","33747.37","33954.24"
"07/01/2025 17:00:00 - 07/01/2025 17:15:00","BZN|DE-LU","34356.01","33668.17","34072.82","34706.92"
"07/01/2025 17:15:00 - 07/01/2025 17:30:00","BZN|DE-LU","34496.99","33758.60","34370.46","35534.12"
"07/01/2025 17:30:00 - 07/01/2025 17:45:00","BZN|DE-LU","34643.24","33854.78","34453.70","35582.05"
"07/01/2025 17:45:00 - 07/01/2025 18:00:00","BZN|DE-LU","34791.61","33956.87","34598.10","35345.54"
"07/01/2025 18:00:00 - 07/01/2025 18:15:00","BZN|DE-LU","34963.84","34065.82","34789.93","35513.10"
"07/01/2025 18:15:00 - 07/01/2025 18:30:00","BZN|DE-LU","35184.41","34163.72","35134.77","35785.36"
"07/01/2025 18:30:00 - 07/01/2025 18:45:00","BZN|DE-LU","35404.88","34260.25","35336.32","36156.18"
"07/01/2025 18:45:00 - 07/01/2025 19:00:00","BZN|DE-LU","35621.86","34341.42","35525.36","35815.36"
"07/01/2025 19:00:00 - 07/01/2025 19:15:00","BZN|DE-LU","35821.90","34408.48","35720.45","35748.16"
"07/01/2025 19:15:00 - 07/01/2025 19:30:00","BZN|DE-LU","36019.88","34496.00","35815.48","35607.70"
"07/01/2025 19:30:00 - 07/01/2025 19:45:00","BZN|DE-LU","36247.03","34616.12","35560.19","35409.81"
"07/01/2025 19:45:00 - 07/01/2025 20:00:00","BZN|DE-LU","36524.82","34792.50","35624.76","35149.16"
"07/01/2025 20:00:00 - 07/01/2025 20:15:00","BZN|DE-LU","36790.87","34991.36","35779.17","35686.90"
"07/01/2025 20:15:00 - 07/01/2025 20:30:00","BZN|DE-LU","37041.15","35190.39","35869.07","36201.14"
"07/01/2025 20:30:00 - 07/01/2025 20:45:00","BZN|DE-LU","37238.61","35333.06","35917.68","36746.12"
"07/01/2025 20:45:00 - 07/01/2025 21:00:00","BZN|DE-LU","37404.84","35443.77","36062.63","36690.38"
"07/01/2025 21:00:00 - 07/01/2025 21:15:00","BZN|DE-LU","37524.99","35509.14","36361.81","36766.84"
"07/01/2025 21:15:00 - 07/01/2025 21:30:00","BZN|DE-LU","37590.32","35500.26","36406.21","36891.62"
"07/01/2025 21:30:00 - 07/01/2025 21:45:00","BZN|DE-LU","37651.21","35486.24","36151.18","36960.41"
"07/01/2025 21:45:00 - 07/01/2025 22:00:00","BZN|DE-LU","37708.27","35476.26","36060.41","36696.21"
"07/01/2025 22:00:00 - 07/01/2025 22:15:00","BZN|DE-LU","36980.28","34838.41","35454.02","35017.39"
"07/01/2025 22:15:00 - 07/01/2025 22:30:00","BZN|DE-LU","36913.61","34870.90","35575.51","35016.37"
"07/01/2025 22:30:00 - 07/01/2025 22:45:00","BZN|DE-LU","36837.91","34897.09","35744.63","34707.82"
"07/01/2025 22:45:00 - 07/01/2025 23:00:00","BZN|DE-LU","36763.82","34917.37","35426.83","34450.66"
"07/01/2025 23:00:00 - 07/01/2025 23:15:00","BZN|DE-LU","36666.82","34899.53","35002.65","34565.86"
"07/01/2025 23:15:00 - 07/01/2025 23:30:00","BZN|DE-LU","36538.40","34814.07","34970.45","34321.15"
"07/01/2025 23:30:00 - 07/01/2025 23:45:00","BZN|DE-LU","36405.68","34715.75","34611.74","34053.52"
"07/01/2025 23:45:00 - 08/01/2025 00:00:00","BZN|DE-LU","36270.89","34605.34","34624.18","33855.76"
